geneset,source,fdr,fdr_3,fdr_5
TTGCWCAAY_CEBPB_02,c3,1.4353777444077627e-14,2.6141262976795465e-10,7.464385079626591e-4
TGANTCA_AP1_C,c3,9.968100531326848e-14,8.347419751613938e-10,0.0013433210849761728
YRTCANNRCGC_UNKNOWN,c3,9.862740415860678e-13,4.181509177285194e-9,0.0021724076479435325
TGGAAA_NFAT_Q4_01,c3,2.7526929177045814e-11,3.245181164502116e-5,1.7832729311610283e-6
TTTNNANAGCYR_UNKNOWN,c3,3.584767864655555e-9,1.9581706021800272e-5,0.0013433210849761728
GO_INTRACELLULAR_SIGNAL_TRANSDUCTION,c5,5.591611898367886e-9,2.7658660114107397e-5,0.0013433210849761728
AAAYWAACM_HFH4_01,c3,5.772351505760335e-9,5.698560322688029e-5,7.464385079626591e-4
DACOSTA_UV_RESPONSE_VIA_ERCC3_DN,c2,1.5246035772389324e-8,7.902472483545446e-5,0.0013433210849761728
GO_REGULATION_OF_PROTEIN_MODIFICATION_PROCESS,c5,2.1470790411530134e-8,1.5295026735971114e-6,0.08122587532171904
GO_ENZYME_BINDING,c5,2.9003299499078755e-8,1.109833165438804e-4,0.0013433210849761728
WTGAAAT_UNKNOWN,c3,4.359002201571301e-8,1.109833165438804e-4,0.00216016487979048
GO_REGULATION_OF_PHOSPHORUS_METABOLIC_PROCESS,c5,1.901134062576896e-7,5.928668146302952e-6,0.1378892433633834
TGACAGNY_MEIS1_01,c3,2.3251615245659646e-7,4.130160034769758e-4,0.0013433210849761728
GO_TISSUE_DEVELOPMENT,c5,5.326199561732805e-7,8.995145488055016e-5,0.03134327613345395
TGTTTAC_MIR30A5P_MIR30C_MIR30D_MIR30B_MIR30E5P,c3,2.023522154907304e-6,1.7012499760961965e-4,0.03815208220577828
GO_POSITIVE_REGULATION_OF_CELLULAR_COMPONENT_ORGANIZATION,c5,2.0658055859945925e-6,1.5982233313925246e-4,0.04798228481829286
GO_POSITIVE_REGULATION_OF_PROTEIN_METABOLIC_PROCESS,c5,2.783001163482817e-6,7.019833460076361e-5,0.1356937503528456
GO_MOLECULAR_FUNCTION_REGULATOR,c5,5.1820421777523166e-6,0.001191476183883325,0.01046719794908517
TGCGCANK_UNKNOWN,c3,5.1820421777523166e-6,3.7087069004008673e-4,0.045720955859035066
GO_CELL_JUNCTION,c5,6.1584093900629e-6,0.002039815599448165,0.01046719794908517
TGGNNNNNNKCCAR_UNKNOWN,c3,6.888427373564823e-6,0.016392539225640535,2.414027160780686e-4
GO_REGULATION_OF_TRANSCRIPTION_FROM_RNA_POLYMERASE_II_PROMOTER,c5,7.512208390727721e-6,0.0025157676573649905,0.006682771692309806
GO_PROTEIN_PHOSPHORYLATION,c5,8.25597519362915e-6,0.001653208204751383,0.014213004653444373
GO_REGULATION_OF_TRANSPORT,c5,8.25597519362915e-6,3.7087069004008673e-4,0.07573989864901912
GCACTTT_MIR175P_MIR20A_MIR106A_MIR106B_MIR20B_MIR519D,c3,8.25597519362915e-6,9.494582674238892e-4,0.02749204166881467
GO_POSITIVE_REGULATION_OF_BIOSYNTHETIC_PROCESS,c5,1.0976325464477251e-5,5.623124251304869e-5,0.35599294540835635
GO_RIBONUCLEOTIDE_BINDING,c5,1.585682299543028e-5,1.109833165438804e-4,0.28139621032740963
GO_ADENYL_NUCLEOTIDE_BINDING,c5,1.8714600539433124e-5,1.6190730552405292e-4,0.26100438233202544
GO_POSITIVE_REGULATION_OF_GENE_EXPRESSION,c5,1.8714600539433124e-5,3.7087069004008673e-4,0.1373947643088196
GOBERT_OLIGODENDROCYTE_DIFFERENTIATION_DN,c2,1.8807071193824637e-5,4.8352817594766344e-4,0.09504020920942911
WWTAAGGC_UNKNOWN,c3,1.9480454230934424e-5,0.001721922594000414,0.03134327613345395
GO_CELL_PROJECTION,c5,1.9480454230934424e-5,2.2112656557694867e-4,0.1968490768888559
AAGCACA_MIR218,c3,2.4782178690562324e-5,0.0035839064411361775,0.02749204166881467
RCGCANGCGY_NRF1_Q6,c3,3.338867116355602e-5,0.014993221553977107,0.002021612209464784
GO_MEMBRANE_REGION,c5,3.404044358062535e-5,0.0010988674402292163,0.08122587532171904
GO_POSITIVE_REGULATION_OF_PROTEIN_MODIFICATION_PROCESS,c5,4.290313835044758e-5,5.791048106912862e-4,0.17596514715010755
WGTTNNNNNAAA_UNKNOWN,c3,4.2930670364828796e-5,0.001046596954531567,0.11946064957702415
GO_REGULATION_OF_CELL_PROLIFERATION,c5,4.735061790356107e-5,1.109833165438804e-4,0.44242487165345945
GO_NEUROGENESIS,c5,4.902222347980024e-5,0.0037077892451122625,0.0318353813569324
GO_POSITIVE_REGULATION_OF_MOLECULAR_FUNCTION,c5,5.7167330060591797e-5,4.1635394033995944e-4,0.23508085376169252
FREAC3_01,c3,5.765370132334953e-5,0.04583359294285297,0.0011989787172303893
PILON_KLF1_TARGETS_DN,c2,5.765370132334953e-5,1.2341506879437827e-4,0.5189447813039003
ACCAAAG_MIR9,c3,5.765370132334953e-5,0.008771667927199798,0.025589051472103365
GO_KINASE_ACTIVITY,c5,5.765370132334953e-5,3.7087069004008673e-4,0.29157911360687977
GO_PHOSPHORYLATION,c5,5.765370132334953e-5,0.0029033063786290023,0.05448897474647652
GO_PROTEIN_KINASE_ACTIVITY,c5,5.765370132334953e-5,0.0012376677320471113,0.17596514715010755
GO_CIRCULATORY_SYSTEM_DEVELOPMENT,c5,6.093014674927565e-5,0.00501334468250093,0.03815208220577828
GO_INTRINSIC_COMPONENT_OF_PLASMA_MEMBRANE,c5,6.531880495354741e-5,3.6328556788327684e-4,0.3584446819972549
CCAWYNNGAAR_UNKNOWN,c3,8.12269731586934e-5,0.003045049066273058,0.08990342827913839
GO_PHOSPHATE_CONTAINING_COMPOUND_METABOLIC_PROCESS,c5,8.352999144587464e-5,0.0013514665930034013,0.15068722214582378
GO_NEGATIVE_REGULATION_OF_NITROGEN_COMPOUND_METABOLIC_PROCESS,c5,8.40579548572979e-5,0.005194095428134752,0.040046949400163935
GO_POSITIVE_REGULATION_OF_PHOSPHORUS_METABOLIC_PROCESS,c5,8.593402330804367e-5,4.8388053802856436e-4,0.327552161125801
TTCYRGAA_UNKNOWN,c3,8.593402330804367e-5,0.00841627912396061,0.02749204166881467
GO_POSITIVE_REGULATION_OF_ORGANELLE_ORGANIZATION,c5,1.0270100791148214e-4,0.010392008410528359,0.02749204166881467
CAGTGTT_MIR141_MIR200A,c3,1.0270100791148214e-4,0.0031999554135205216,0.13757409017030117
RYTAAWNNNTGAY_UNKNOWN,c3,1.0731737874611866e-4,0.0036436176585366254,0.08380229712683955
GO_REGULATION_OF_ORGANELLE_ORGANIZATION,c5,1.0731737874611866e-4,0.0055743724840774155,0.05448897474647652
DACOSTA_UV_RESPONSE_VIA_ERCC3_COMMON_DN,c2,1.1541199176393443e-4,0.006070317167280864,0.04253631797960867
PID_BETA_CATENIN_NUC_PATHWAY,c2,1.2546270134709505e-4,0.0020360949018006207,0.2167126357725502
GO_REGULATORY_REGION_NUCLEIC_ACID_BINDING,c5,1.6108039322072564e-4,0.003557400649742442,0.1378892433633834
GO_TRANSMEMBRANE_TRANSPORT,c5,2.1918217212732487e-4,0.014848626055013218,0.028383113045318382
GO_PROTEIN_LOCALIZATION,c5,2.1918217212732487e-4,0.004717106603044555,0.12286193246091222
GO_REGULATION_OF_CELL_DEATH,c5,2.2265297631321316e-4,3.7087069004008673e-4,0.6788506670750606
ZHANG_BREAST_CANCER_PROGENITORS_UP,c2,2.2676483347061987e-4,0.046880574121715445,0.004321893296799101
GO_REGULATION_OF_KINASE_ACTIVITY,c5,2.4992522952757486e-4,9.494582674238892e-4,0.48390723911609623
RRAGTTGT_UNKNOWN,c3,2.4992522952757486e-4,0.012044881945151343,0.045891484968254695
GO_REGULATION_OF_TRANSFERASE_ACTIVITY,c5,2.540498932112245e-4,0.0036436176585366254,0.17121594391441572
GTGCCTT_MIR506,c3,2.936992900621369e-4,8.995145488055016e-5,1
GO_CYTOSKELETON,c5,3.010939421369177e-4,0.0020360949018006207,0.30540642727300127
GO_PLASMA_MEMBRANE_REGION,c5,3.0426935688215065e-4,0.01089025910100797,0.0780325384840805
BLALOCK_ALZHEIMERS_DISEASE_UP,c2,3.2267899534550986e-4,0.004410604515148615,0.18360214283837842
NUYTTEN_EZH2_TARGETS_UP,c2,3.652905167863637e-4,0.01706625799421322,0.0510305254620556
CAGTATT_MIR200B_MIR200C_MIR429,c3,3.652905167863637e-4,0.0019409266234183824,0.41829196060340174
GO_ENZYME_LINKED_RECEPTOR_PROTEIN_SIGNALING_PATHWAY,c5,3.817868017071797e-4,9.185625578785943e-4,0.6248019748763103
GO_POSTSYNAPSE,c5,4.095565936840265e-4,0.08165660954176476,0.002619241002102046
GO_TRANSFERASE_ACTIVITY_TRANSFERRING_PHOSPHORUS_CONTAINING_GROUPS,c5,4.1411656190304234e-4,0.002052375502430989,0.4181398959404716
RYTGCNNRGNAAC_MIF1_01,c3,4.1411656190304234e-4,0.024361073730424045,0.03134327613345395
GO_REGULATION_OF_MULTICELLULAR_ORGANISMAL_DEVELOPMENT,c5,4.4890448342137376e-4,0.021255826693810084,0.03473648608163158
GO_CELL_DEATH,c5,4.6063210553548057e-4,0.02666849295295624,0.028383113045318382
GRESHOCK_CANCER_COPY_NUMBER_UP,c2,4.743616891147835e-4,0.02271253364825963,0.04253631797960867
MONNIER_POSTRADIATION_TUMOR_ESCAPE_UP,c2,4.8247556068194445e-4,0.007726042593853099,0.17515205924245125
GO_SYNAPSE,c5,4.8653014942419035e-4,0.0775795679373388,0.0021978322782989887
GO_NEGATIVE_REGULATION_OF_GENE_EXPRESSION,c5,5.000838373584681e-4,0.014993221553977107,0.08077435001596832
GO_REGULATION_OF_CELL_DIFFERENTIATION,c5,5.125706582498036e-4,0.010208158409917328,0.1378892433633834
GO_ION_TRANSPORT,c5,5.286743568003083e-4,0.007311071903979085,0.18459269233935258
GO_POSITIVE_REGULATION_OF_CATALYTIC_ACTIVITY,c5,5.715106724295275e-4,0.0038091244682899664,0.29157911360687977
TGGTGCT_MIR29A_MIR29B_MIR29C,c3,5.715106724295275e-4,0.0032151741925085147,0.3584446819972549
GO_PROTEIN_DOMAIN_SPECIFIC_BINDING,c5,5.715106724295275e-4,0.019971129111951796,0.07468828597048406
GO_CELL_CELL_JUNCTION,c5,5.749050577712526e-4,0.010826722991750805,0.14443948299913215
GO_NEURON_PART,c5,6.41321649782665e-4,0.008729183829766748,0.16086369590597305
BENPORATH_ES_WITH_H3K27ME3,c2,6.780644603646259e-4,0.012994655722830968,0.12407645434557876
GO_POSITIVE_REGULATION_OF_CELL_COMMUNICATION,c5,7.820168802918567e-4,0.002194285744241354,0.511163421778569
SNACANNNYSYAGA_UNKNOWN,c3,0.0010305988260427758,0.008846456486740331,0.26569752579746875
GO_REGULATION_OF_GROWTH,c5,0.001084888278710811,0.0035839064411361775,0.5702510329699579
ZWANG_CLASS_1_TRANSIENTLY_INDUCED_BY_EGF,c2,0.00114766820537325,0.034447214109821836,0.05294766170176478
GO_METAL_ION_TRANSPORT,c5,0.0011587329200188822,0.01708716318051686,0.13891894005085864
GO_REGULATION_OF_TRANSPORTER_ACTIVITY,c5,0.0011699443570760625,0.038621247117268956,0.04253631797960867
GTACTGT_MIR101,c3,0.0011699443570760625,0.06000292279780747,0.028383113045318382
GO_REGULATION_OF_PROTEIN_SERINE_THREONINE_KINASE_ACTIVITY,c5,0.0011926832060942993,0.006228095233342496,0.4061427504517093
ZIC2_01,c3,0.0012108148597840234,0.1326410148799009,0.005557296098012989
GO_KINASE_BINDING,c5,0.001211296003676296,0.003498771807031034,0.6427902439725667
GO_EMBRYONIC_MORPHOGENESIS,c5,0.0012274125304971995,0.01779965311445277,0.17596514715010755
CTACTAG_MIR325,c3,0.0012274125304971995,0.03612164200068688,0.0787067422600766
RORA1_01,c3,0.0012274125304971995,0.06702896199894116,0.02707563800463018
TGANNYRGCA_TCF11MAFG_01,c3,0.0012274125304971995,0.03512932261729879,0.041225582335605304
PHONG_TNF_RESPONSE_VIA_P38_COMPLETE,c2,0.0012677400844437554,0.027039881445306977,0.09504020920942911
NFKB_Q6_01,c3,0.0012760233422843827,0.04807887702308812,0.055890729889375004
GO_TRANSMEMBRANE_RECEPTOR_PROTEIN_TYROSINE_KINASE_SIGNALING_PATHWAY,c5,0.0012785414928630568,0.01089025910100797,0.28899555018125045
ALPHACP1_01,c3,0.0012785414928630568,0.005284356643297647,0.4391646262791947
HNF6_Q6,c3,0.0013276568324992548,0.06862874494226072,0.02749204166881467
GO_POSTSYNAPTIC_MEMBRANE,c5,0.0013276568324992548,0.30533146062543765,7.464385079626591e-4
GO_CELLULAR_MACROMOLECULE_LOCALIZATION,c5,0.0014270122463165477,0.02350558725925821,0.13896536633044218
GO_EPITHELIUM_DEVELOPMENT,c5,0.0014285025855138539,0.007923920771769042,0.3991921105179557
GO_TRANSPORTER_ACTIVITY,c5,0.0014285025855138539,0.01706625799421322,0.15286877282518047
GO_SYNAPSE_PART,c5,0.0014490803818575752,0.08585912704809762,0.012962193050991314
GO_POSITIVE_REGULATION_OF_STRIATED_MUSCLE_CELL_DIFFERENTIATION,c5,0.0014781219619013199,0.08482490821293853,0.026654411108518575
GO_EXCITATORY_SYNAPSE,c5,0.0014991788241588767,0.01779965311445277,0.15061818321921788
TTTGCAC_MIR19A_MIR19B,c3,0.0015828214387284757,4.3247916096142246e-4,1
GO_REGULATION_OF_CELL_DEVELOPMENT,c5,0.0015934239017436824,0.0135486172193673,0.2331692446456287
GO_ION_TRANSMEMBRANE_TRANSPORT,c5,0.0016066189677269018,0.0451062115904885,0.0521749577847553
GO_NUCLEIC_ACID_BINDING_TRANSCRIPTION_FACTOR_ACTIVITY,c5,0.0016984306651501473,0.04164173534544308,0.053966816722615274
TGAYRTCA_ATF3_Q6,c3,0.0017044109807082355,0.002039815599448165,0.8756197125043302
YGCANTGCR_UNKNOWN,c3,0.0017080326582754393,0.014194303396543734,0.2620903036549022
CACTGTG_MIR128A_MIR128B,c3,0.0017085274435515907,0.0135486172193673,0.3584446819972549
CCGNMNNTNACG_UNKNOWN,c3,0.0017641926373998815,0.06862874494226072,0.021827203979420687
GO_MOVEMENT_OF_CELL_OR_SUBCELLULAR_COMPONENT,c5,0.001864016166959151,0.004484130428663273,0.5740235726718584
GO_HEART_DEVELOPMENT,c5,0.0019199017212540345,0.010285013086759857,0.35598427837721947
GO_ESTABLISHMENT_OF_PROTEIN_LOCALIZATION,c5,0.0019428894688791154,0.0190478421854856,0.21141292207621215
SRF_C,c3,0.0019537090240431846,0.06325485252505213,0.053966816722615274
GO_REGULATION_OF_STRIATED_MUSCLE_CELL_DIFFERENTIATION,c5,0.0019542566508289278,0.0931067915120586,0.02749204166881467
GATGKMRGCG_UNKNOWN,c3,0.001976723019445364,0.016411827503826897,0.21566358666509292
PID_MAPK_TRK_PATHWAY,c2,0.0020172585469981114,0.009384770054236522,0.48528412546730726
BENPORATH_SOX2_TARGETS,c2,0.002072008979955989,0.05180999014226764,0.04253631797960867
AGCACTT_MIR93_MIR302A_MIR302B_MIR302C_MIR302D_MIR372_MIR373_MIR520E_MIR520A_MIR526B_MIR520B_MIR520C_MIR520D,c3,0.0021178957987068245,0.025672670767878443,0.16157071660863323
GO_POSITIVE_REGULATION_OF_TRANSCRIPTION_FROM_RNA_POLYMERASE_II_PROMOTER,c5,0.0021178957987068245,0.015659200223656643,0.2647806042236899
GO_NEGATIVE_REGULATION_OF_TRANSMEMBRANE_TRANSPORT,c5,0.00212392146568386,0.01706625799421322,0.2900820833572496
PATIL_LIVER_CANCER,c2,0.00212726408435414,0.0849854485718692,0.02707563800463018
TMTCGCGANR_UNKNOWN,c3,0.0021337811334932017,0.007726042593853099,0.5168213484211417
PEREZ_TP53_TARGETS,c2,0.0021337811334932017,0.010716263084152857,0.38399052072172124
GO_REGULATION_OF_MAPK_CASCADE,c5,0.002177749402160557,0.010826722991750805,0.3848148333514348
GRAESSMANN_APOPTOSIS_BY_DOXORUBICIN_DN,c2,0.0021983951850051892,0.011683997501904077,0.35537851517119734
GO_EMBRYO_DEVELOPMENT,c5,0.0022045348434715857,0.032330820957532695,0.14379651715961805
GO_TRANSCRIPTION_FACTOR_BINDING,c5,0.0022045348434715857,0.07270700689983983,0.02749204166881467
GO_REGULATION_OF_CELLULAR_COMPONENT_MOVEMENT,c5,0.0022149327704357085,0.016411827503826897,0.25987408507956716
FOXD3_01,c3,0.002251906293758129,0.01747949835182365,0.25619917175422485
GO_NEGATIVE_REGULATION_OF_POTASSIUM_ION_TRANSMEMBRANE_TRANSPORTER_ACTIVITY,c5,0.0023501030240887697,0.00841627912396061,0.629667064684145
GO_REGULATION_OF_TRANSMEMBRANE_TRANSPORT,c5,0.0023501030240887697,0.03084448412946709,0.17121594391441572
REACTOME_SIGNALLING_BY_NGF,c2,0.0023501030240887697,0.05304704360876338,0.06346941514094315
GO_REGULATION_OF_INTRACELLULAR_TRANSPORT,c5,0.002376387578724301,0.03275046674855674,0.13968914574266192
BRUINS_UVC_RESPONSE_EARLY_LATE,c2,0.0024209124340577822,3.6328556788327684e-4,1
TGAATGT_MIR181A_MIR181B_MIR181C_MIR181D,c3,0.0024209124340577822,0.028136602984579772,0.1871196381679901
AATGTGA_MIR23A_MIR23B,c3,0.0024594162852964504,0.007818380128224561,0.5398802760467144
GO_SIGNAL_TRANSDUCTION_BY_PROTEIN_PHOSPHORYLATION,c5,0.0025232538313817404,0.012924253410438069,0.3584446819972549
GO_CELLULAR_RESPONSE_TO_STRESS,c5,0.0025520763005676093,0.06594920325062362,0.045891484968254695
GO_NEGATIVE_REGULATION_OF_MOLECULAR_FUNCTION,c5,0.0026026514793601853,0.1260166927181655,0.017801958157166852
GO_TRANSMEMBRANE_TRANSPORTER_ACTIVITY,c5,0.0027425893348799147,0.032887242303900714,0.1455120020989415
GO_SYSTEM_PROCESS,c5,0.002747588419999807,0.01533789532306304,0.3774406252922058
GO_MACROMOLECULAR_COMPLEX_BINDING,c5,0.0027482232905947416,0.001191476183883325,1
GO_REGULATION_OF_CELL_ADHESION,c5,0.0027619256767510807,0.01779965311445277,0.30837861707848996
TGCTTTG_MIR330,c3,0.0030496924109269896,0.01779965311445277,0.35599294540835635
FOXO3_01,c3,0.003111143750107223,0.03850925851937424,0.16441443486596255
GO_REGULATION_OF_INTRACELLULAR_SIGNAL_TRANSDUCTION,c5,0.003111143750107223,0.01558547538328348,0.3584446819972549
GO_POSITIVE_REGULATION_OF_DEVELOPMENTAL_PROCESS,c5,0.003173220556857279,0.027039881445306977,0.22129747951796938
GO_NEURON_PROJECTION,c5,0.003173220556857279,0.0682126727080519,0.04752493821868654
CCTGAGT_MIR510,c3,0.003173220556857279,0.027039881445306977,0.26569752579746875
ATGTACA_MIR493,c3,0.003173220556857279,0.026012521891885892,0.2609986372657697
GO_NUCLEOLUS,c5,0.003173220556857279,0.04501115254187842,0.1327759810012141
GO_SYNAPTIC_MEMBRANE,c5,0.003173220556857279,0.6000592994289443,1.090263588011392e-4
NFKB_Q6,c3,0.003229970906213499,0.06654260850424809,0.06717881407454818
GO_ENZYME_REGULATOR_ACTIVITY,c5,0.003255488430023807,0.08547620600051682,0.03680053779479029
GO_REGULATION_OF_NERVOUS_SYSTEM_DEVELOPMENT,c5,0.003293945951829156,0.028630209177734525,0.19972664796236253
JOHNSTONE_PARVB_TARGETS_3_DN,c2,0.0033579879196920883,0.00841627912396061,0.6832685532916289
LEF1_Q2,c3,0.0033973637074287575,0.004717106603044555,0.8254173883740006
GO_REGULATION_OF_ION_TRANSPORT,c5,0.003461317991939519,0.022234701573138144,0.30700866211869915
SP1_Q2_01,c3,0.0034827558427221036,0.03194964459266208,0.1843412586499059
GFI1_01,c3,0.003499468036183155,0.06862874494226072,0.07025722771462603
GO_LOCOMOTION,c5,0.0036515298787777773,0.0035839064411361775,0.8968705580642217
TCCCRNNRTGC_UNKNOWN,c3,0.0037134830481152063,0.007389337466641203,0.7819602132830763
GO_RESPONSE_TO_ABIOTIC_STIMULUS,c5,0.0037636660070740715,0.06594920325062362,0.06712343171242695
HNF1_C,c3,0.0037636660070740715,0.0775795679373388,0.056375051804618624
YY1_02,c3,0.00382056226052908,0.010716263084152857,0.722469324026828
KEGG_GLIOMA,c2,0.003926514823659785,0.13584839886152017,0.03473648608163158
ACCATTT_MIR522,c3,0.003926514823659785,0.017895457744278725,0.32205719827349444
GO_ANION_TRANSMEMBRANE_TRANSPORTER_ACTIVITY,c5,0.003926514823659785,0.015748043358590844,0.5087147344694275
GO_PEPTIDYL_AMINO_ACID_MODIFICATION,c5,0.003926514823659785,0.010716263084152857,0.5741624332110333
RODRIGUES_THYROID_CARCINOMA_POORLY_DIFFERENTIATED_DN,c2,0.003972409640408118,0.09258544841364846,0.04265072059273438
GO_CELL_CYCLE_PROCESS,c5,0.00412283217435539,0.023598297930773036,0.3102412898920656
GO_DEVELOPMENTAL_GROWTH,c5,0.00412283217435539,0.06325485252505213,0.08990342827913839
GO_CELLULAR_RESPONSE_TO_OXYGEN_LEVELS,c5,0.004171420218721178,0.09258544841364846,0.07210446406845056
MARTINEZ_RB1_AND_TP53_TARGETS_DN,c2,0.004189302525888184,0.015526037166174001,0.4946267343603523
GO_NUCLEAR_BODY,c5,0.004201621297206935,0.29227002466964114,0.0038964303129749842
GO_PROTEIN_COMPLEX_BINDING,c5,0.004328657197063987,0.0010583434710763494,1
TGCTGCT_MIR15A_MIR16_MIR15B_MIR195_MIR424_MIR497,c3,0.004328657197063987,0.07416671878831871,0.08308355638798483
GO_RECEPTOR_SIGNALING_PROTEIN_ACTIVITY,c5,0.004328657197063987,0.00590010138408591,0.9148620779529482
GO_CELL_MORPHOGENESIS_INVOLVED_IN_DIFFERENTIATION,c5,0.004328657197063987,0.11909471976234197,0.035251476584205375
NGFIC_01,c3,0.0044280535596772225,0.0478412773554257,0.20465527993161678
GO_TUBULIN_BINDING,c5,0.004605670060693174,0.0032151741925085147,1
GTGCCAA_MIR96,c3,0.004605670060693174,0.010716263084152857,0.6110353519086099
PID_TCR_PATHWAY,c2,0.004605670060693174,0.05525204852175322,0.16719697299059844
HMX1_01,c3,0.004605670060693174,0.15609995660344303,0.035330152811983456
GGGAGGRR_MAZ_Q6,c3,0.004605670060693174,0.035152197889391966,0.2503568470418827
GO_POSITIVE_REGULATION_OF_RESPONSE_TO_STIMULUS,c5,0.004605670060693174,0.009607734447575551,0.716273131606888
GO_CELL_DEVELOPMENT,c5,0.004605670060693174,0.035152197889391966,0.22129747951796938
TACTTGA_MIR26A_MIR26B,c3,0.004605670060693174,0.05417037805474101,0.14108204329044444
GO_REGULATION_OF_MYOTUBE_DIFFERENTIATION,c5,0.004605670060693174,0.06258764382326419,0.15107240455483156
GO_REGULATION_OF_CELL_GROWTH,c5,0.004605670060693174,0.004572140178241395,0.9932460054608359
KEGG_RENAL_CELL_CARCINOMA,c2,0.004616123730825158,0.1194325321090168,0.05294766170176478
GO_ERBB_SIGNALING_PATHWAY,c5,0.004616123730825158,0.007528133004143177,0.8618470854415009
PITX2_Q2,c3,0.00472970872031947,0.02977970731621008,0.2907919141404434
ATF_B,c3,0.00472970872031947,0.12903039927055712,0.05294766170176478
GO_PROTEIN_AUTOPHOSPHORYLATION,c5,0.004827567574108371,0.012924253410438069,0.6310028011160103
WHN_B,c3,0.004827567574108371,0.04403313496428541,0.2417116317701896
CDPCR3HD_01,c3,0.004853913920003983,0.04404876024287666,0.2417116317701896
TGCCTTA_MIR124A,c3,0.0049252717097277065,0.006039935052522492,0.8783249987486696
SENESE_HDAC3_TARGETS_DN,c2,0.0049252717097277065,0.05525204852175322,0.1409594367075396
ACTGAAA_MIR30A3P_MIR30E3P,c3,0.0049490637370641225,0.01779965311445277,0.47533489352647096
ZWANG_TRANSIENTLY_UP_BY_1ST_EGF_PULSE_ONLY,c2,0.0050464717994840895,0.022524358067652,0.40992759603830703
GO_EPIDERMAL_GROWTH_FACTOR_RECEPTOR_SIGNALING_PATHWAY,c5,0.005127464403957025,0.0135486172193673,0.726854504161812
GO_REGULATION_OF_ANATOMICAL_STRUCTURE_MORPHOGENESIS,c5,0.005228851047459553,0.06567411826087344,0.13813470055854266
OCT_C,c3,0.005371194648727534,0.034447214109821836,0.26136758387546144
OCT1_Q6,c3,0.005371194648727534,0.08131784284521146,0.09783444157074832
GO_SEQUENCE_SPECIFIC_DNA_BINDING,c5,0.005371194648727534,0.058824795779091166,0.1378892433633834
SCHAEFFER_PROSTATE_DEVELOPMENT_6HR_DN,c2,0.005385704160714396,0.06991640080114131,0.13121114636208078
GO_EAR_DEVELOPMENT,c5,0.005397277231113869,0.01779965311445277,0.5484808292764944
GEORGES_CELL_CYCLE_MIR192_TARGETS,c2,0.005434058923605791,0.10649832100140912,0.08122587532171904
GO_ANION_TRANSMEMBRANE_TRANSPORT,c5,0.005614790179174024,0.03357026108947705,0.3034271337776855
GO_CELL_CYCLE,c5,0.005647959606214377,0.0542141365079949,0.15066484845746023
ERR1_Q2,c3,0.005751009839531053,0.09519373188439716,0.08122587532171904
GO_POSITIVE_REGULATION_OF_MYOTUBE_DIFFERENTIATION,c5,0.005790422668843724,0.0647993837962949,0.18459269233935258
GO_POSITIVE_REGULATION_OF_CELLULAR_COMPONENT_BIOGENESIS,c5,0.005804897921477069,0.05865805352659644,0.1500592816634786
GO_NEGATIVE_REGULATION_OF_POTASSIUM_ION_TRANSMEMBRANE_TRANSPORT,c5,0.005997998119773196,0.01779965311445277,0.7145035822497101
GO_IONOTROPIC_GLUTAMATE_RECEPTOR_COMPLEX,c5,0.006099062383685687,0.11194200089672933,0.0832035114918061
GO_REGULATION_OF_HYDROLASE_ACTIVITY,c5,0.006202006539625659,0.04403313496428541,0.22166422724639043
GO_ORGAN_MORPHOGENESIS,c5,0.0062271563516831056,0.06597098341442013,0.153891405828045
GO_TRANSCRIPTION_FROM_RNA_POLYMERASE_II_PROMOTER,c5,0.006263968945138508,0.022941844269413644,0.5091172732590978
GO_PROTEIN_TYROSINE_KINASE_ACTIVITY,c5,0.006313938886928762,0.005194095428134752,1
SOX9_B1,c3,0.006437868546119212,0.022978945279551227,0.5237249652107557
BOUDOUKHA_BOUND_BY_IGF2BP2,c2,0.006437868546119212,0.09763322182052606,0.10465391452329206
CATTTCA_MIR203,c3,0.006817921106693714,0.02398229345250476,0.526604354110505
P53_02,c3,0.0068780452402441876,0.006039935052522492,1
GO_POSITIVE_REGULATION_OF_CHROMOSOME_ORGANIZATION,c5,0.00688182446676813,0.03275046674855674,0.4031097317006682
GAGCCAG_MIR149,c3,0.006917352391394199,0.004501976611608125,1
PID_AR_TF_PATHWAY,c2,0.007384155923530889,0.07468448717223523,0.1733876925713583
GO_CATION_TRANSPORT,c5,0.007384155923530889,0.033438750285991435,0.35599294540835635
IVANOVA_HEMATOPOIESIS_STEM_CELL_AND_PROGENITOR,c2,0.007389256670992124,0.033438750285991435,0.35599294540835635
ATGCAGT_MIR217,c3,0.007475389270133732,0.04521301764626729,0.3077878244157936
PID_RB_1PATHWAY,c2,0.007606708858261545,0.3682547251163921,0.01046719794908517
GO_CELL_MORPHOGENESIS_INVOLVED_IN_NEURON_DIFFERENTIATION,c5,0.007721621328270016,0.15297369696631705,0.0521749577847553
GO_NEURON_DIFFERENTIATION,c5,0.007776368582537687,0.04872906755976945,0.25619917175422485
NFY_Q6,c3,0.00779854430688694,0.01779965311445277,0.722469324026828
GINESTIER_BREAST_CANCER_ZNF217_AMPLIFIED_DN,c2,0.007810587668422644,0.3043654482184916,0.014213004653444373
GO_REGULATION_OF_CELL_CYCLE,c5,0.007841390997067462,0.06862874494226072,0.18016732304953872
GTGCCAT_MIR183,c3,0.007841390997067462,0.02700278894558578,0.6258958198585809
CATGTAA_MIR496,c3,0.007841390997067462,0.04007106556825035,0.3937497370938754
GO_HOMEOSTASIS_OF_NUMBER_OF_CELLS,c5,0.007841390997067462,0.32543827285051957,0.014213004653444373
GTTTGTT_MIR495,c3,0.007841390997067462,0.11249002955940725,0.08308355638798483
GO_TRANSPORTER_COMPLEX,c5,0.00791184810834854,0.11052293492527665,0.07062689462966389
GO_POSITIVE_REGULATION_OF_CELL_PROLIFERATION,c5,0.007948965890873148,0.033438750285991435,0.4514836484332255
TGACCTTG_SF1_Q6,c3,0.00814060215540592,0.04994582996160348,0.34204802951115804
REACTOME_SIGNALING_BY_ERBB2,c2,0.008172149439362541,0.06428055923734893,0.23508085376169252
ACTGTGA_MIR27A_MIR27B,c3,0.008185081579188154,0.07922940011096792,0.1661909820018236
GO_AMINO_ACID_TRANSMEMBRANE_TRANSPORT,c5,0.008230179304627962,0.12903039927055712,0.09316796936925004
GO_CELL_PROJECTION_ORGANIZATION,c5,0.008413012431290372,0.04583359294285297,0.29157911360687977
PID_ERBB4_PATHWAY,c2,0.008487800946316106,0.0035839064411361775,1
GO_PROTEIN_C_TERMINUS_BINDING,c5,0.008487800946316106,0.20890904677840272,0.03494744188261582
CREBP1_Q2,c3,0.008487800946316106,0.08512067559750094,0.15987026763133516
GO_1_PHOSPHATIDYLINOSITOL_BINDING,c5,0.00848895798897443,0.018479368275258323,0.8129362722857244
ACTWSNACTNY_UNKNOWN,c3,0.008825577539188764,0.02700278894558578,0.5179526699600927
MARTINEZ_TP53_TARGETS_DN,c2,0.00892975755665918,0.030927738291303703,0.4946267343603523
OCT1_Q5_01,c3,0.00892975755665918,0.0478412773554257,0.32047245163522226
GO_PROTEIN_SERINE_THREONINE_KINASE_ACTIVITY,c5,0.00892975755665918,0.07178523090325362,0.20465527993161678
GO_NEGATIVE_REGULATION_OF_TRANSPORTER_ACTIVITY,c5,0.008954499723175604,0.04404876024287666,0.4050960246257146
GO_NUCLEOPLASM_PART,c5,0.009162735446739043,0.2534059093180882,0.023815697145025058
GO_TRANSCRIPTION_FACTOR_ACTIVITY_PROTEIN_BINDING,c5,0.00927530563489435,0.16160342037510023,0.053966816722615274
BENPORATH_SUZ12_TARGETS,c2,0.009318574769478286,0.05304704360876338,0.28413401891309054
KEGG_PROSTATE_CANCER,c2,0.009495137704401307,0.13990487157501866,0.09066630131893548
GO_NEGATIVE_REGULATION_OF_GROWTH,c5,0.00952745904520411,0.008771667927199798,1
GO_POSITIVE_REGULATION_OF_CELL_DIVISION,c5,0.009605724688825711,0.23811918827977943,0.035330152811983456
GO_SIGNALING_ADAPTOR_ACTIVITY,c5,0.009682863739014533,0.06346415031864888,0.28413401891309054
TFIII_Q6,c3,0.009682863739014533,0.05025697577389909,0.3360304078282107
HFH1_01,c3,0.00969243574972654,0.3682547251163921,0.011098849241729516
GO_EMBRYO_DEVELOPMENT_ENDING_IN_BIRTH_OR_EGG_HATCHING,c5,0.009913302482553725,0.07019079851003304,0.21095997993848736
SF1_Q6,c3,0.010053439967212799,0.03531170350398837,0.49692270413470896
PUJANA_BREAST_CANCER_LIT_INT_NETWORK,c2,0.010053439967212799,0.06862874494226072,0.24459557486627848
HALLMARK_UV_RESPONSE_DN,h,0.010053439967212799,0.14303876546925126,0.07378976884295499
GO_NEURON_PROJECTION_DEVELOPMENT,c5,0.010169223093741298,0.06727121252902683,0.22129747951796938
YY1_Q6,c3,0.010169223093741298,0.06325485252505213,0.2417116317701896
GO_NEURON_DEVELOPMENT,c5,0.010225731293785964,0.08654600976881831,0.16719697299059844
YOSHIMURA_MAPK8_TARGETS_UP,c2,0.010225731293785964,0.09519373188439716,0.13093527693658952
GO_POSITIVE_REGULATION_OF_CELL_DIFFERENTIATION,c5,0.010265208882022932,0.08326280336295845,0.18459269233935258
GO_CATION_CHANNEL_COMPLEX,c5,0.010265208882022932,0.07449358992178455,0.2167126357725502
IK3_01,c3,0.010275645939589174,0.0409685453590825,0.44242487165345945
GO_TRANSCRIPTION_FACTOR_COMPLEX,c5,0.010376624036847476,0.0643989737080907,0.26569752579746875
PID_RETINOIC_ACID_PATHWAY,c2,0.010461388529475922,0.1900517654882817,0.07378976884295499
OCT1_06,c3,0.010702196199167478,0.11430158923045973,0.13701310599577224
KEGG_BLADDER_CANCER,c2,0.010762961543100526,0.032764739645524454,0.6310028011160103
KEGG_NEUROTROPHIN_SIGNALING_PATHWAY,c2,0.010762961543100526,0.1716761106181378,0.08851094761295238
PID_IL2_1PATHWAY,c2,0.010762961543100526,0.04225338389792728,0.49421866795744857
MYOGNF1_01,c3,0.010762961543100526,0.023242390657392527,0.7761248248030419
GO_GROWTH,c5,0.010762961543100526,0.08035536417967944,0.2167126357725502
GO_POSITIVE_REGULATION_OF_MULTICELLULAR_ORGANISMAL_PROCESS,c5,0.010762961543100526,0.026012521891885892,0.6270086511028949
GO_REGULATION_OF_STRESS_ACTIVATED_PROTEIN_KINASE_SIGNALING_CASCADE,c5,0.011582741454316313,0.026012521891885892,0.8001046044815932
GO_REGULATION_OF_CELLULAR_COMPONENT_BIOGENESIS,c5,0.011582741454316313,0.06760633441478936,0.22699983926501016
ZWANG_TRANSIENTLY_UP_BY_2ND_EGF_PULSE_ONLY,c2,0.011603691573601159,0.015506792765697313,0.8418474725479407
S8_01,c3,0.011698927367605987,0.1718850629598746,0.056375051804618624
CHIANG_LIVER_CANCER_SUBCLASS_INTERFERON_DN,c2,0.011698927367605987,0.23177112822351417,0.053966816722615274
GO_NEGATIVE_REGULATION_OF_CATION_TRANSMEMBRANE_TRANSPORT,c5,0.011698927367605987,0.06258764382326419,0.35599294540835635
FOX_Q2,c3,0.011784915142809115,0.12423099563822464,0.12985839174306338
BUYTAERT_PHOTODYNAMIC_THERAPY_STRESS_UP,c2,0.011798120046834653,0.09009266393561831,0.15336796211368176
BROWNE_HCMV_INFECTION_6HR_DN,c2,0.011798120046834653,0.2260913340565371,0.04798228481829286
HFH4_01,c3,0.011798120046834653,0.04404876024287666,0.4122803995268555
GO_ESTABLISHMENT_OF_LOCALIZATION_IN_CELL,c5,0.012059641825741459,0.058308593515929756,0.3584446819972549
GO_REGULATION_OF_CYTOPLASMIC_TRANSPORT,c5,0.012099574857622546,0.055094080732025576,0.4122803995268555
ACTGTAG_MIR139,c3,0.012143356841271475,0.06121667197143202,0.34939038446749954
GO_BIOLOGICAL_ADHESION,c5,0.012270169820708382,0.11239262242274066,0.13346904773711085
GO_AMINO_ACID_TRANSMEMBRANE_TRANSPORTER_ACTIVITY,c5,0.012270169820708382,0.13022402151183501,0.14135847418142286
KIM_WT1_TARGETS_DN,c2,0.012270169820708382,0.024361073730424045,0.8001046044815932
GO_NEGATIVE_REGULATION_OF_CELL_GROWTH,c5,0.012270169820708382,0.011683997501904077,1
REACTOME_NEURONAL_SYSTEM,c2,0.012270169820708382,0.2443641756670134,0.04253911664752702
AREB6_02,c3,0.01227910262145569,0.034447214109821836,0.7231881225537238
GATA1_01,c3,0.012344703082566324,0.018479368275258323,0.8523784237459727
SOX5_01,c3,0.012589905994533848,0.04007106556825035,0.5690731193495139
BIOCARTA_HER2_PATHWAY,c2,0.012589905994533848,0.021043533360746512,0.8968705580642217
GO_INTERSPECIES_INTERACTION_BETWEEN_ORGANISMS,c5,0.012630661770129769,0.045381197197407804,0.48528412546730726
PID_IFNG_PATHWAY,c2,0.012748983067134498,0.06567411826087344,0.3584446819972549
FOXO4_01,c3,0.012748983067134498,0.189079087439183,0.08692991383228202
CAGCAGG_MIR370,c3,0.012941633514391095,0.0135486172193673,1
GO_POSITIVE_REGULATION_OF_KINASE_ACTIVITY,c5,0.012941633514391095,0.00841627912396061,1
LHX3_01,c3,0.012978592529136638,0.09869010673624003,0.22954030492933017
HEB_Q6,c3,0.012978592529136638,0.1690748489585427,0.08308355638798483
GO_ION_CHANNEL_BINDING,c5,0.012978592529136638,0.08082704135694227,0.26569752579746875
GO_NEGATIVE_REGULATION_OF_TRANSCRIPTION_FROM_RNA_POLYMERASE_II_PROMOTER,c5,0.013308123044091109,0.23811918827977943,0.03642626916945268
GO_RESPONSE_TO_WOUNDING,c5,0.013308123044091109,0.050306476499214554,0.44368984544412116
REACTOME_SIGNALING_BY_ERBB4,c2,0.013308123044091109,0.035152197889391966,0.661264581422276
GO_POTASSIUM_CHANNEL_REGULATOR_ACTIVITY,c5,0.013308123044091109,0.016411827503826897,1
FOSTER_TOLERANT_MACROPHAGE_DN,c2,0.013461257505252866,0.026200910609101246,0.8129362722857244
GO_REGULATION_OF_VESICLE_MEDIATED_TRANSPORT,c5,0.013461257505252866,0.008601641190493652,1
WCAANNNYCAG_UNKNOWN,c3,0.01359498223846328,0.1194325321090168,0.1437753798305912
GO_REGULATION_OF_CELLULAR_LOCALIZATION,c5,0.013737673392671963,0.19284685497568935,0.053966816722615274
REACTOME_SIGNALING_BY_EGFR_IN_CANCER,c2,0.013737673392671963,0.14484439417886893,0.1373947643088196
ATAAGCT_MIR21,c3,0.013737673392671963,0.14484439417886893,0.1373947643088196
SRF_Q4,c3,0.013773149516258475,0.1570924269516391,0.09935269341099333
KEGG_ACUTE_MYELOID_LEUKEMIA,c2,0.013931505802179939,0.014993221553977107,1
GO_POSITIVE_REGULATION_OF_CELL_DEATH,c5,0.013931505802179939,0.07019079851003304,0.3584446819972549
CREB_01,c3,0.013931505802179939,0.0701157850062361,0.28899555018125045
CREBP1CJUN_01,c3,0.013931505802179939,0.04403313496428541,0.44934097055702793
GO_REGULATION_OF_RECEPTOR_ACTIVITY,c5,0.0139850638810806,0.22299997521159126,0.07834018754570259
MYAATNNNNNNNGGC_UNKNOWN,c3,0.0139850638810806,0.06000292279780747,0.3584446819972549
AP2_Q6,c3,0.0139850638810806,0.06618675816391524,0.3360304078282107
AAGCAAT_MIR137,c3,0.014232332976592758,0.04331782907222728,0.7145035822497101
GO_HOMEOSTATIC_PROCESS,c5,0.014232332976592758,0.08472608534700964,0.2167126357725502
NFKAPPAB_01,c3,0.014245795487323009,0.10321233206912367,0.23847104710193878
GO_LIPOPOLYSACCHARIDE_MEDIATED_SIGNALING_PATHWAY,c5,0.014245795487323009,0.07178523090325362,0.3689495037028833
GO_SMALL_GTPASE_MEDIATED_SIGNAL_TRANSDUCTION,c5,0.014245795487323009,0.08131784284521146,0.35599294540835635
GO_NEGATIVE_REGULATION_OF_POTASSIUM_ION_TRANSPORT,c5,0.014245795487323009,0.02806339860086855,0.841545048289238
GO_MUSCLE_TISSUE_DEVELOPMENT,c5,0.014245795487323009,0.1946135412923294,0.07159254863861814
TCF4_Q5,c3,0.014738961393017213,0.05822194315227962,0.46131756850297506
GO_RESPONSE_TO_EXTERNAL_STIMULUS,c5,0.014791374210139938,0.06783038611364728,0.28769630994225953
GO_NEURON_PROJECTION_MORPHOGENESIS,c5,0.014791374210139938,0.10409667796569613,0.22321171280970184
GO_ORGANIC_ANION_TRANSMEMBRANE_TRANSPORTER_ACTIVITY,c5,0.014818707726153863,0.05816763831337674,0.38399052072172124
GO_VASCULATURE_DEVELOPMENT,c5,0.014818707726153863,0.11407479484026767,0.15626473968506072
PLASARI_TGFB1_TARGETS_1HR_UP,c2,0.014818707726153863,0.021043533360746512,0.9816328524075635
GO_REGULATION_OF_POTASSIUM_ION_TRANSMEMBRANE_TRANSPORTER_ACTIVITY,c5,0.014818707726153863,0.021043533360746512,0.983400560908452
GO_VESICLE_MEDIATED_TRANSPORT,c5,0.014818707726153863,0.006039935052522492,1
TNCATNTCCYR_UNKNOWN,c3,0.014818707726153863,0.8275907385230042,7.464385079626591e-4
GO_CELLULAR_COMPONENT_MORPHOGENESIS,c5,0.014818707726153863,0.27119541034536765,0.02977593249046818
GO_DOUBLE_STRANDED_DNA_BINDING,c5,0.014818707726153863,0.04404876024287666,0.5851229863718097
ATCTTGC_MIR31,c3,0.014818707726153863,0.08070698703825518,0.3117799682875953
GO_ERYTHROCYTE_HOMEOSTASIS,c5,0.014818707726153863,0.4577962847465809,0.026654411108518575
HFH3_01,c3,0.01505951446643077,0.0593353389917478,0.38803068702042526
GO_POSITIVE_REGULATION_OF_HYDROLASE_ACTIVITY,c5,0.015245428051595013,0.0450171151477657,0.5367746777900093
SCHAEFFER_PROSTATE_DEVELOPMENT_48HR_DN,c2,0.015267345137070619,0.04872906755976945,0.49787347506180335
LIAO_METASTASIS,c2,0.01557353590961428,0.06380344199119325,0.39677701622596234
TCCAGAT_MIR5165P,c3,0.015587314257830052,0.049369989375525225,0.5642865077158319
GO_MONOVALENT_INORGANIC_CATION_TRANSPORT,c5,0.015708652171501542,0.0190478421854856,0.8968705580642217
AGTCTTA_MIR499,c3,0.015771031135688406,0.027039881445306977,0.841545048289238
YAATNRNNNYNATT_UNKNOWN,c3,0.015803771751652165,0.03337445031122253,0.6684304122226534
MZF1_02,c3,0.015831022026438317,0.10651040069620718,0.2474823454426204
GO_REPRODUCTION,c5,0.015836079313104295,0.023598297930773036,0.8507979195221732
GO_REGULATION_OF_NEURON_DEATH,c5,0.015930884225538983,0.03217076224832401,0.7882137700049137
GO_NEGATIVE_REGULATION_OF_PHOSPHORYLATION,c5,0.016144431316503383,0.05468601067730491,0.5628347764691037
GO_CORE_PROMOTER_BINDING,c5,0.01626079757443655,0.1576090700365739,0.18360214283837842
KRIGE_RESPONSE_TO_TOSEDOSTAT_6HR_UP,c2,0.01626079757443655,0.054961594073250374,0.4665568907784706
PID_TRKR_PATHWAY,c2,0.01626079757443655,0.032764739645524454,0.8001046044815932
GKCGCNNNNNNNTGAYG_UNKNOWN,c3,0.01626079757443655,0.12352002171490402,0.2167126357725502
MARZEC_IL2_SIGNALING_UP,c2,0.016327622199175777,0.08165660954176476,0.32236254703432154
REACTOME_SHC1_EVENTS_IN_ERBB4_SIGNALING,c2,0.016591719554396225,0.010716263084152857,1
AP2_Q6_01,c3,0.01663828862442446,0.0451062115904885,0.6424546765864709
GO_REGULATION_OF_MAP_KINASE_ACTIVITY,c5,0.01663828862442446,0.021043533360746512,1
NFY_C,c3,0.016841949291482448,0.03612489943034499,0.726854504161812
HNF3_Q6,c3,0.016896960764532745,0.11248476780867869,0.24433308156009587
YYCATTCAWW_UNKNOWN,c3,0.016896960764532745,0.041614735690095044,0.7337882155573775
LEE_TARGETS_OF_PTCH1_AND_SUFU_DN,c2,0.017056056643545734,0.04404876024287666,0.6832685532916289
GO_POSITIVE_REGULATION_OF_MUSCLE_CELL_DIFFERENTIATION,c5,0.017056056643545734,0.22286632291393035,0.08863097296045803
REACTOME_NGF_SIGNALLING_VIA_TRKA_FROM_THE_PLASMA_MEMBRANE,c2,0.0171344817636387,0.11239262242274066,0.24027758304310204
GO_REGULATION_OF_POTASSIUM_ION_TRANSPORT,c5,0.017208343027683135,0.025897573911127198,0.8968705580642217
ZEILSTRA_CD44_TARGETS_UP,c2,0.017208343027683135,0.050922809709004396,0.6832685532916289
GO_REGULATION_OF_DELAYED_RECTIFIER_POTASSIUM_CHANNEL_ACTIVITY,c5,0.017208343027683135,0.050922809709004396,0.68443412593942
SRF_Q5_01,c3,0.017208343027683135,0.08831871881290324,0.27470493165138415
GO_CELL_CYCLE_CHECKPOINT,c5,0.017208343027683135,0.06567411826087344,0.41158935684901315
GO_CELL_PROJECTION_PART,c5,0.017699947732400675,0.060650233633838646,0.4692061111700902
REACTOME_DOWNSTREAM_SIGNALING_OF_ACTIVATED_FGFR,c2,0.017756158653455048,0.23811918827977943,0.12165862605640448
GO_REGULATION_OF_MUSCLE_CELL_DIFFERENTIATION,c5,0.017841430726708612,0.19166777414152478,0.15987026763133516
GO_NEGATIVE_REGULATION_OF_PROTEIN_MODIFICATION_PROCESS,c5,0.01784490345315535,0.046880574121715445,0.534836372076588
GO_POTASSIUM_ION_TRANSPORT,c5,0.018112279561347897,0.0478412773554257,0.5741624332110333
PIT1_Q6,c3,0.018112279561347897,0.18915035711254405,0.10192152431911561
YGCGYRCGC_UNKNOWN,c3,0.01836120533577991,0.025897573911127198,0.8756197125043302
REACTOME_SIGNALLING_TO_RAS,c2,0.01836120533577991,0.028676018023314626,0.9251022286299367
GO_MORPHOGENESIS_OF_AN_EPITHELIUM,c5,0.018760214611146808,0.04657467598812068,0.6310028011160103
GO_TRANSCRIPTION_FACTOR_ACTIVITY_RNA_POLYMERASE_II_TRANSCRIPTION_FACTOR_BINDING,c5,0.019297803569315333,0.17595264348298728,0.13657741733592454
TAAWWATAG_RSRFC4_Q2,c3,0.019483120419602984,0.23811918827977943,0.09712487896611885
GO_BASOLATERAL_PLASMA_MEMBRANE,c5,0.019483120419602984,0.028184065408576008,0.8694601995706226
GO_CENTRAL_NERVOUS_SYSTEM_DEVELOPMENT,c5,0.019483120419602984,0.0451062115904885,0.6588506150198064
GTAGGCA_MIR189,c3,0.019483120419602984,0.03568905653649219,0.8618470854415009
MARTORIATI_MDM4_TARGETS_FETAL_LIVER_DN,c2,0.019483120419602984,0.06590869419218648,0.46277228172998675
GO_GATED_CHANNEL_ACTIVITY,c5,0.019483120419602984,0.39931098899556144,0.024958903564173584
GO_NUCLEAR_SPECK,c5,0.01953710722387681,0.13584839886152017,0.2167126357725502
GO_APOPTOTIC_SIGNALING_PATHWAY,c5,0.01956368045682743,0.11522295117394027,0.22129747951796938
GO_PEPTIDYL_THREONINE_MODIFICATION,c5,0.01969919039391392,0.202570175854655,0.1378892433633834
ZF5_01,c3,0.019810959703878892,0.021043533360746512,1
GO_HIPPOCAMPUS_DEVELOPMENT,c5,0.019836710247729622,0.11407479484026767,0.28413401891309054
STAT_Q6,c3,0.019945322004552908,0.11717025280650524,0.226385576043666
GTGACGY_E4F1_Q6,c3,0.019983481880504,0.1365128373611645,0.20775760039199448
GO_BLOOD_VESSEL_MORPHOGENESIS,c5,0.020429089165273008,0.17817119083124486,0.1378892433633834
ATGTTTC_MIR494,c3,0.020475190002575683,0.2635432970959137,0.08308355638798483
GO_POSITIVE_REGULATION_OF_TRANSFERASE_ACTIVITY,c5,0.02050868763527057,0.033438750285991435,0.8301442937260154
KOYAMA_SEMA3B_TARGETS_UP,c2,0.02083736360071302,0.021043533360746512,1
GO_MICROTUBULE_CYTOSKELETON,c5,0.021024028076040695,0.028136602984579772,0.8660805691470497
GO_TRANSFERASE_ACTIVITY_TRANSFERRING_ACYL_GROUPS,c5,0.021400429523328726,0.04657467598812068,0.7184134410509303
GO_REGULATION_OF_PEPTIDYL_TYROSINE_PHOSPHORYLATION,c5,0.021507017865597007,0.05816763831337674,0.7451643526265521
GO_REGULATION_OF_JUN_KINASE_ACTIVITY,c5,0.02163137831684219,0.034447214109821836,0.8618470854415009
GO_REGULATION_OF_PROTEIN_CATABOLIC_PROCESS,c5,0.021748309051740633,0.05865805352659644,0.661264581422276
GO_RNA_BINDING,c5,0.021807399521011624,0.05903338914338329,0.49354203646946143
GO_RESPONSE_TO_AXON_INJURY,c5,0.02196585134359773,0.10957447276999098,0.34040294308816405
TGCCAAR_NF1_Q6,c3,0.022015083741115556,0.1407635684180028,0.19217265612266227
MAZ_Q6,c3,0.02209019005346204,0.21040606577325738,0.1189505314849072
GO_INTRACELLULAR_PROTEIN_TRANSPORT,c5,0.0222869891109654,0.1946135412923294,0.11953593194359578
IVANOVA_HEMATOPOIESIS_STEM_CELL_LONG_TERM,c2,0.022314063373925355,0.03054803759980047,0.8345373386397824
CLAUS_PGR_POSITIVE_MENINGIOMA_DN,c2,0.02234843878451647,0.06000292279780747,0.7145035822497101
BROWNE_HCMV_INFECTION_12HR_DN,c2,0.022476071599380556,0.027434076352629837,0.9658441150026269
GO_POTASSIUM_CHANNEL_COMPLEX,c5,0.022476071599380556,0.05258791103389896,0.7145035822497101
GO_CONNECTIVE_TISSUE_DEVELOPMENT,c5,0.022583277605950206,0.06597098341442013,0.531880132614727
REACTOME_CIRCADIAN_REPRESSION_OF_EXPRESSION_BY_REV_ERBA,c2,0.022583277605950206,0.0409685453590825,0.8694601995706226
DING_LUNG_CANCER_MUTATED_SIGNIFICANTLY,c2,0.022583277605950206,0.09820217566565131,0.4122803995268555
GO_EMBRYONIC_ORGAN_DEVELOPMENT,c5,0.022583277605950206,0.12903039927055712,0.26569752579746875
KIM_ALL_DISORDERS_CALB1_CORR_UP,c2,0.022583277605950206,0.42436337377552497,0.02207489190669803
GO_PEPTIDYL_TYROSINE_MODIFICATION,c5,0.022590542464231925,0.010716263084152857,1
RTAAACA_FREAC2_01,c3,0.022590542464231925,0.10207914210527068,0.3879828021778044
GO_CHANNEL_REGULATOR_ACTIVITY,c5,0.022590542464231925,0.1474210941098508,0.2167126357725502
KRIGE_RESPONSE_TO_TOSEDOSTAT_24HR_UP,c2,0.022728284839510376,0.09561970406663839,0.36796774504605595
GO_ANATOMICAL_STRUCTURE_FORMATION_INVOLVED_IN_MORPHOGENESIS,c5,0.02284217262357249,0.1610511000122404,0.18701982036105164
FORTSCHEGGER_PHF8_TARGETS_DN,c2,0.02284217262357249,0.06000292279780747,0.6310028011160103
GO_MEMBRANE_PROTEIN_COMPLEX,c5,0.02284217262357249,0.10651040069620718,0.29273418461930845
ACTGCAG_MIR173P,c3,0.02284217262357249,0.21619746602123432,0.15987026763133516
GO_REGULATION_OF_MUSCLE_TISSUE_DEVELOPMENT,c5,0.02284217262357249,0.15297369696631705,0.29961226672874475
GO_SOMATODENDRITIC_COMPARTMENT,c5,0.023024418337168978,0.3986333326644504,0.030512345562889297
GO_REGULATION_OF_CHROMOSOME_ORGANIZATION,c5,0.023243715848355884,0.08472608534700964,0.31781713708845877
ATGTAGC_MIR221_MIR222,c3,0.023451282957169844,0.028136602984579772,1
GO_NEURON_APOPTOTIC_PROCESS,c5,0.023627966172865607,0.594745251399136,0.021827203979420687
GO_SENSORY_ORGAN_DEVELOPMENT,c5,0.023627966172865607,0.04167646269665607,0.8001046044815932
MYOD_Q6,c3,0.023802673591097792,0.026200910609101246,1
GO_REGULATION_OF_MEMBRANE_DEPOLARIZATION,c5,0.023869976294286006,0.11492976258771533,0.34852084861268834
ATAGGAA_MIR202,c3,0.024210851620202447,0.3682547251163921,0.05568751851849675
FOXO1_01,c3,0.02434503121736996,0.06585120315519852,0.6109193544026866
GO_REGULATION_OF_CATABOLIC_PROCESS,c5,0.02434503121736996,0.1591938619111896,0.23193814143942335
KEGG_CHRONIC_MYELOID_LEUKEMIA,c2,0.024375619559991176,0.08131784284521146,0.49859609577797376
HOSHIDA_LIVER_CANCER_SURVIVAL_UP,c2,0.024375619559991176,0.0210639223946995,1
RTTTNNNYTGGM_UNKNOWN,c3,0.024375619559991176,0.08131784284521146,0.49859609577797376
ACACTGG_MIR199A_MIR199B,c3,0.02439783671900599,0.06862874494226072,0.5425224993290017
GO_IMMUNE_SYSTEM_PROCESS,c5,0.024401568121536762,0.21274175117357316,0.10192152431911561
GABRIELY_MIR21_TARGETS,c2,0.024411579510002324,0.024361073730424045,1
GO_NUCLEOBASE_CONTAINING_COMPOUND_TRANSPORT,c5,0.024411579510002324,0.021043533360746512,1
GTATGAT_MIR154_MIR487,c3,0.024578078882101236,0.0190478421854856,1
KEGG_FC_EPSILON_RI_SIGNALING_PATHWAY,c2,0.025185750901345373,0.09794677989526818,0.4181398959404716
TGCTGAY_UNKNOWN,c3,0.02537637954148805,0.027996700196914373,1
MYCMAX_02,c3,0.02537637954148805,0.148638797840751,0.2167126357725502
CACTTTG_MIR520G_MIR520H,c3,0.02537637954148805,0.06702896199894116,0.726854504161812
HMEF2_Q6,c3,0.02537637954148805,0.09258544841364846,0.4665568907784706
TTGGAGA_MIR5155P_MIR519E,c3,0.02537637954148805,0.06567411826087344,0.7268132068373366
GO_NEGATIVE_REGULATION_OF_PROTEIN_METABOLIC_PROCESS,c5,0.02537637954148805,0.055608028097854596,0.6832685532916289
THUM_SYSTOLIC_HEART_FAILURE_DN,c2,0.02544914234196287,0.1491150578868308,0.2167126357725502
GO_NEGATIVE_REGULATION_OF_CATALYTIC_ACTIVITY,c5,0.02544914234196287,0.3203507470170794,0.056375051804618624
TTANWNANTGGM_UNKNOWN,c3,0.02544914234196287,0.4304180234828978,0.028383113045318382
HEIDENBLAD_AMPLICON_12P11_12_DN,c2,0.025527102725117372,0.10651040069620718,0.42608304210685577
GO_CALMODULIN_DEPENDENT_PROTEIN_KINASE_ACTIVITY,c5,0.025527102725117372,0.10651040069620718,0.42608304210685577
GO_BONE_GROWTH,c5,0.025905283472336657,0.05468601067730491,0.8129362722857244
GO_REGULATION_OF_GTPASE_ACTIVITY,c5,0.026188429207152843,0.09984746269045715,0.4020894180845453
PID_VEGFR1_2_PATHWAY,c2,0.0262302957139743,0.07325496490301579,0.5877483145367499
GO_EPITHELIAL_CELL_PROLIFERATION,c5,0.0262302957139743,0.07325496490301579,0.5877483145367499
GO_PEPTIDYL_TYROSINE_AUTOPHOSPHORYLATION,c5,0.026377540073679907,0.03962240393636596,0.9570945522878768
GO_SODIUM_ION_TRANSPORT,c5,0.026377540073679907,0.065926550362117,0.726854504161812
GACTGTT_MIR212_MIR132,c3,0.026377540073679907,0.046880574121715445,0.8979037938251767
MYOGENIN_Q6,c3,0.026816298275057788,0.03962240393636596,1
REACTOME_SIGNALING_BY_FGFR,c2,0.0269566509403189,0.2660619587696144,0.1378892433633834
GO_CYTOSKELETAL_PART,c5,0.027398065856619316,0.04167646269665607,0.8053627436956727
BIOCARTA_VDR_PATHWAY,c2,0.027450772403077583,0.06702896199894116,0.726854504161812
TCCGTCC_MIR184,c3,0.027450772403077583,0.06702896199894116,0.726854504161812
KEGG_PATHWAYS_IN_CANCER,c2,0.027577950896451046,0.32543827285051957,0.057231128785970926
PID_KIT_PATHWAY,c2,0.027577950896451046,0.10649832100140912,0.4351534592458388
GO_REGULATION_OF_MUSCLE_ADAPTATION,c5,0.027577950896451046,0.10649832100140912,0.4351534592458388
GO_NEGATIVE_REGULATION_OF_PHOSPHORUS_METABOLIC_PROCESS,c5,0.028142544078670173,0.07171458952178253,0.5774903141254745
DACOSTA_UV_RESPONSE_VIA_ERCC3_TTD_DN,c2,0.028142544078670173,0.04403313496428541,0.8756197125043302
GO_NERVE_DEVELOPMENT,c5,0.028142544078670173,0.14138896300046513,0.30700866211869915
GO_NEURON_DEATH,c5,0.028142544078670173,0.886030046261919,0.01046719794908517
GO_MICROTUBULE_BINDING,c5,0.028142544078670173,0.00988649752607566,1
ONDER_CDH1_TARGETS_2_DN,c2,0.028142544078670173,0.11407479484026767,0.40879583424507565
GAVIN_FOXP3_TARGETS_CLUSTER_T4,c2,0.028142544078670173,0.06216269113633874,0.726854504161812
E2F1_Q6_01,c3,0.028142544078670173,0.06428055923734893,0.7154853172215377
BIOCARTA_BIOPEPTIDES_PATHWAY,c2,0.028142544078670173,0.12903039927055712,0.3584446819972549
BIOCARTA_KERATINOCYTE_PATHWAY,c2,0.028142544078670173,0.2395955071039533,0.15790518536148826
GO_MORPHOGENESIS_OF_AN_EPITHELIAL_SHEET,c5,0.028142544078670173,0.12903039927055712,0.3584446819972549
GO_REGULATION_OF_SODIUM_ION_TRANSMEMBRANE_TRANSPORT,c5,0.028197059882449794,0.40987208911816264,0.05568751851849675
GO_POTASSIUM_CHANNEL_ACTIVITY,c5,0.028197059882449794,0.12903039927055712,0.35599294540835635
AP2GAMMA_01,c3,0.028546431307829377,0.12903039927055712,0.29961226672874475
TCANNTGAY_SREBP1_01,c3,0.02857467118944531,0.12903039927055712,0.29961226672874475
OCT1_04,c3,0.028591865615820583,0.5653332890451522,0.021827203979420687
GO_NEGATIVE_REGULATION_OF_CELLULAR_COMPONENT_ORGANIZATION,c5,0.028787704833638808,0.0396765402251055,0.9076119499188732
PR_01,c3,0.02882071067608059,0.07416671878831871,0.5091172732590978
YATGNWAAT_OCT_C,c3,0.028822705898325203,0.06590869419218648,0.6405077351428555
GOZGIT_ESR1_TARGETS_DN,c2,0.02882275747814599,0.10651040069620718,0.42608304210685577
GO_EMBRYONIC_PLACENTA_DEVELOPMENT,c5,0.029015556039649486,0.06862874494226072,0.6759539923630528
CEBPA_01,c3,0.029015556039649486,0.2591239809628983,0.11357008740045461
AAAGGGA_MIR204_MIR211,c3,0.02909387496821667,0.1081611936512603,0.3986827268849258
NFKAPPAB65_01,c3,0.029187271339166466,0.18071659906313875,0.2503568470418827
GO_ANION_TRANSPORT,c5,0.029187271339166466,0.05384933194133768,0.8413536951535613
GO_BINDING_BRIDGING,c5,0.029536290280743862,0.3043654482184916,0.12343722034934922
PAX8_B,c3,0.029536290280743862,0.06428055923734893,0.7321010020351352
GGCAGTG_MIR3243P,c3,0.029536290280743862,0.10871272496353424,0.4377601796092101
GO_VOLTAGE_GATED_POTASSIUM_CHANNEL_ACTIVITY,c5,0.029536290280743862,0.23557654665025454,0.23508085376169252
CHARAFE_BREAST_CANCER_LUMINAL_VS_BASAL_UP,c2,0.02955628298360235,0.11260963025933844,0.43779621273144437
PID_E2F_PATHWAY,c2,0.02955628298360235,0.14775804335908455,0.3117799682875953
REACTOME_SIGNALING_BY_SCF_KIT,c2,0.02955628298360235,0.08070698703825518,0.6028218982943174
GO_REGULATION_OF_CATION_CHANNEL_ACTIVITY,c5,0.02967990297681702,0.08070698703825518,0.6044030987547828
GO_TUBE_DEVELOPMENT,c5,0.029851381390358343,0.03376990805839693,0.9955636618517415
PID_BCR_5PATHWAY,c2,0.02990623515653543,0.05266201897384906,0.8413536951535613
GO_LEUKOTRIENE_METABOLIC_PROCESS,c5,0.02990623515653543,0.021380579509735233,1
GO_CYTOSKELETAL_PROTEIN_BINDING,c5,0.030156598212301797,0.032330820957532695,0.9721527712328881
BIOCARTA_P38MAPK_PATHWAY,c2,0.030554360200117796,0.0797849768838379,0.6588506150198064
KEGG_ERBB_SIGNALING_PATHWAY,c2,0.03077721955755319,0.12903039927055712,0.37877047319643276
BENPORATH_PRC2_TARGETS,c2,0.030908621618304533,0.31224266619637436,0.08604087796335304
GO_GLAND_DEVELOPMENT,c5,0.030958270330310005,0.11248476780867869,0.38399052072172124
BROWNE_HCMV_INFECTION_30MIN_DN,c2,0.03134869362290014,0.17675652387867777,0.24959006967779956
GO_NEURON_PROJECTION_GUIDANCE,c5,0.03134869362290014,0.18613253414570335,0.2629903177816458
TTGCACT_MIR130A_MIR301_MIR130B,c3,0.03154823267435572,0.03125163469063566,1
AATGGAG_MIR136,c3,0.031611545663317066,0.08472608534700964,0.6109193544026866
GO_CHAPERONE_BINDING,c5,0.031744425579057586,0.0478412773554257,0.8901231015977278
PID_ATF2_PATHWAY,c2,0.03186158307862789,0.8202318211893418,0.01046719794908517
SIG_BCR_SIGNALING_PATHWAY,c2,0.031974858833075485,0.06318890871151357,0.8001046044815932
GO_NEGATIVE_REGULATION_OF_ION_TRANSPORT,c5,0.03216909163186085,0.15455087771233142,0.30700866211869915
ZHANG_TLX_TARGETS_60HR_UP,c2,0.032445978466233885,0.11492976258771533,0.44195140848533476
GO_NEGATIVE_REGULATION_OF_NEURON_DEATH,c5,0.032445978466233885,0.07073061396536022,0.8001046044815932
EGR1_01,c3,0.03264809357267947,0.026200910609101246,1
GO_RAS_PROTEIN_SIGNAL_TRANSDUCTION,c5,0.03296210947279983,0.15917613898354882,0.32205719827349444
REACTOME_RORA_ACTIVATES_CIRCADIAN_EXPRESSION,c2,0.03298744142136574,0.05474723882644889,0.8968705580642217
GO_CELL_PROLIFERATION,c5,0.03300418546586127,0.10530293151956599,0.48528412546730726
GO_MYELOID_CELL_DIFFERENTIATION,c5,0.033038329134115356,0.33818852373966846,0.06428405881685659
BRUINS_UVC_RESPONSE_VIA_TP53_GROUP_D,c2,0.033038329134115356,0.06325485252505213,0.7145035822497101
GO_ENDODERMAL_CELL_FATE_COMMITMENT,c5,0.033038329134115356,0.07699955332933521,0.7451643526265521
GO_ACTIVATING_TRANSCRIPTION_FACTOR_BINDING,c5,0.033038329134115356,0.9250980304492513,0.005021833858527385
POU6F1_01,c3,0.033038329134115356,0.12719175009319783,0.35599294540835635
BROWNE_HCMV_INFECTION_10HR_DN,c2,0.033107427290550405,0.07073061396536022,0.7440965010081385
GO_NEGATIVE_REGULATION_OF_MAPK_CASCADE,c5,0.033534993210803894,0.1407635684180028,0.37877047319643276
PID_ERBB2_ERBB3_PATHWAY,c2,0.033537044628808015,0.041783585107708625,1
GRADE_COLON_VS_RECTAL_CANCER_UP,c2,0.033537044628808015,0.01779965311445277,1
GO_CORE_PROMOTER_SEQUENCE_SPECIFIC_DNA_BINDING,c5,0.033537044628808015,0.1578880071676456,0.3118420070258149
GO_REGULATION_OF_RECEPTOR_MEDIATED_ENDOCYTOSIS,c5,0.03376357825467341,0.025897573911127198,1
GO_DEVELOPMENTAL_PROCESS_INVOLVED_IN_REPRODUCTION,c5,0.03378413401400008,0.06690654434326276,0.7321010020351352
GO_MAMMARY_GLAND_EPITHELIUM_DEVELOPMENT,c5,0.03440175143359694,0.06558684283770569,0.8001046044815932
PID_REG_GR_PATHWAY,c2,0.034502058813822095,0.189079087439183,0.2743553594209381
GO_PERINUCLEAR_REGION_OF_CYTOPLASM,c5,0.03453919306540038,0.04007106556825035,0.9903822215207709
IVANOVSKA_MIR106B_TARGETS,c2,0.03486374845668098,0.0785550491649837,0.6932254536367469
GO_REGULATION_OF_EPITHELIAL_CELL_PROLIFERATION,c5,0.03488146591444057,0.09604742447981963,0.6110353519086099
GO_REGULATION_OF_TRANSCRIPTION_ELONGATION_FROM_RNA_POLYMERASE_II_PROMOTER,c5,0.03508808949472548,0.06597098341442013,0.8301442937260154
GO_RAS_GUANYL_NUCLEOTIDE_EXCHANGE_FACTOR_ACTIVITY,c5,0.03564461383661609,0.09763322182052606,0.4448552999056313
ZIC1_01,c3,0.0356974348457089,0.33818852373966846,0.13292841004826858
GO_CELL_MOTILITY,c5,0.035777819666696756,0.022312335968103173,1
TCCATTKW_UNKNOWN,c3,0.03609556646629671,0.516646114278581,0.02749204166881467
YRCCAKNNGNCGC_UNKNOWN,c3,0.03634154612400003,0.14603227196741056,0.37634342058211606
PID_GMCSF_PATHWAY,c2,0.03636713495776993,0.021043533360746512,1
GO_PLACENTA_BLOOD_VESSEL_DEVELOPMENT,c5,0.03636713495776993,0.021043533360746512,1
GGCKCATGS_UNKNOWN,c3,0.03721350630583342,0.05304704360876338,0.8254173883740006
KAAB_HEART_ATRIUM_VS_VENTRICLE_UP,c2,0.03721350630583342,0.06577429626239759,0.8968705580642217
PBX1_01,c3,0.03721350630583342,0.06000292279780747,0.840548618561468
FIRESTEIN_PROLIFERATION,c2,0.03721350630583342,0.16614926709381286,0.34118075259934066
HALMOS_CEBPA_TARGETS_DN,c2,0.03729639599554143,0.06702896199894116,0.811311420469855
GTGTCAA_MIR514,c3,0.03729639599554143,0.034447214109821836,1
GO_PROTEIN_MODIFICATION_BY_SMALL_PROTEIN_REMOVAL,c5,0.03730005814581463,0.0478412773554257,0.9570945522878768
E2F_Q2,c3,0.03730005814581463,0.2661904576978985,0.1455120020989415
BENPORATH_CYCLING_GENES,c2,0.03756941250100319,0.3139476026642926,0.08701556969675645
ENK_UV_RESPONSE_KERATINOCYTE_DN,c2,0.03791960774133587,0.3892635586524622,0.05615342475344274
CDX2_Q5,c3,0.03869142888813684,0.6756469492527908,0.014213004653444373
GO_REGULATION_OF_JNK_CASCADE,c5,0.03895438028680283,0.10486330100858177,0.48979695390475947
NIKOLSKY_BREAST_CANCER_17Q21_Q25_AMPLICON,c2,0.03896681985216923,0.3867238176267135,0.058165294556739834
GO_NUCLEAR_OUTER_MEMBRANE_ENDOPLASMIC_RETICULUM_MEMBRANE_NETWORK,c5,0.03918025946204418,0.09993027123411524,0.5702510329699579
SA_REG_CASCADE_OF_CYCLIN_EXPR,c2,0.03918025946204418,0.11249002955940725,0.6283043416379478
E47_02,c3,0.03939435428828833,0.44816108040647656,0.05568751851849675
KEGG_NON_SMALL_CELL_LUNG_CANCER,c2,0.039747105886531214,0.2854300898541849,0.17804013033766755
LEF1_Q6,c3,0.039747105886531214,0.06139354308341473,0.7882137700049137
GO_CELL_PROJECTION_CYTOPLASM,c5,0.039747105886531214,0.08035536417967944,0.7604935955905514
RREB1_01,c3,0.039747105886531214,0.22335068222697732,0.2417116317701896
ETF_Q6,c3,0.039747105886531214,0.1716761106181378,0.34040294308816405
OCT1_05,c3,0.03982187699034572,0.0594285567424621,1
PID_MYC_REPRESS_PATHWAY,c2,0.03983346107130038,0.20196179747361506,0.28413401891309054
RNTCANNRNNYNATTW_UNKNOWN,c3,0.03983346107130038,0.5339830021601666,0.02749204166881467
AP1_C,c3,0.04009438478036274,0.03376990805839693,1
RODRIGUES_THYROID_CARCINOMA_ANAPLASTIC_UP,c2,0.04009438478036274,0.1407384770643913,0.48528412546730726
GO_CELL_BODY,c5,0.040100054019618483,0.11492976258771533,0.4946267343603523
GO_POSITIVE_REGULATION_OF_FIBROBLAST_MIGRATION,c5,0.040100054019618483,0.08794043492827376,0.7611284094379343
GO_NEUTRAL_AMINO_ACID_TRANSPORT,c5,0.040300480554814264,0.11492976258771533,0.5877483145367499
GO_COGNITION,c5,0.04052766948591774,0.09851292807290912,0.6391114190175918
GO_CRANIAL_NERVE_DEVELOPMENT,c5,0.04052766948591774,0.19416452204025136,0.31781713708845877
GO_NITROGEN_COMPOUND_TRANSPORT,c5,0.04052766948591774,0.05036612076287882,0.9251022286299367
FINETTI_BREAST_CANCERS_KINOME_BLUE,c2,0.04052766948591774,0.07178523090325362,0.8413536951535613
GO_ALPHA_TUBULIN_BINDING,c5,0.04052766948591774,0.07178523090325362,0.8413536951535613
GO_VOLTAGE_GATED_ION_CHANNEL_ACTIVITY,c5,0.04052766948591774,0.3157717201556083,0.11705567336269378
GO_POSITIVE_REGULATION_OF_INTRACELLULAR_TRANSPORT,c5,0.04064940059350182,0.19056380173778992,0.29271789856696145
LANDIS_ERBB2_BREAST_TUMORS_324_UP,c2,0.04090418761257912,0.023598297930773036,1
CTTTGCA_MIR527,c3,0.040909526229643244,0.3301029365092992,0.11611290796040684
MEISSNER_BRAIN_HCP_WITH_H3K4ME3_AND_H3K27ME3,c2,0.040939452393158805,0.02985972293867736,1
GEORGES_TARGETS_OF_MIR192_AND_MIR215,c2,0.040951299093228165,0.21274175117357316,0.2417116317701896
LMO2COM_02,c3,0.040951299093228165,0.07921619386809413,0.7554389496559434
AP2REP_01,c3,0.041204956725454385,0.07270700689983983,0.7557522055186702
STAEGE_EWING_FAMILY_TUMOR,c2,0.04190277695983807,0.0647993837962949,0.9148620779529482
GO_UBIQUITIN_LIKE_PROTEIN_LIGASE_BINDING,c5,0.04190277695983807,0.2640013269802285,0.19478239016825497
ER_Q6_01,c3,0.04190277695983807,0.189079087439183,0.30700866211869915
GO_POSITIVE_REGULATION_OF_PROTEIN_SERINE_THREONINE_KINASE_ACTIVITY,c5,0.04190277695983807,0.06000292279780747,0.909041562988643
MONNIER_POSTRADIATION_TUMOR_ESCAPE_DN,c2,0.04190277695983807,0.24176284148297433,0.20775760039199448
GO_ANTIGEN_RECEPTOR_MEDIATED_SIGNALING_PATHWAY,c5,0.04190277695983807,0.30187909545814257,0.21141292207621215
KEGG_LONG_TERM_POTENTIATION,c2,0.04190277695983807,0.34297877288679957,0.1373947643088196
GO_SOMATIC_STEM_CELL_POPULATION_MAINTENANCE,c5,0.04190277695983807,0.34297877288679957,0.1373947643088196
DAZARD_RESPONSE_TO_UV_NHEK_DN,c2,0.04190277695983807,0.14713387275096218,0.4391646262791947
GO_ANGIOGENESIS,c5,0.04190277695983807,0.26456433793345946,0.16086369590597305
GO_NEGATIVE_REGULATION_OF_CELL_CYCLE,c5,0.04190277695983807,0.12551783479355672,0.5577039215243109
LE_EGR2_TARGETS_DN,c2,0.04190277695983807,0.42436337377552497,0.09231337136056694
GO_VOLTAGE_GATED_CATION_CHANNEL_ACTIVITY,c5,0.04190277695983807,0.42436337377552497,0.08652109003251679
GO_RESPONSE_TO_GROWTH_FACTOR,c5,0.04190277695983807,0.10756039554998226,0.661264581422276
GTACAGG_MIR486,c3,0.04190277695983807,0.1646203366554099,0.4031097317006682
LOPEZ_MBD_TARGETS,c2,0.04206079133193415,0.13844423699687547,0.4122803995268555
GO_REGULATION_OF_PROTEIN_LOCALIZATION_TO_NUCLEUS,c5,0.04264232780953373,0.06760633441478936,0.8248227518267721
LEE_BMP2_TARGETS_UP,c2,0.042954596530750226,0.022697966896889344,1
REACTOME_BMAL1_CLOCK_NPAS2_ACTIVATES_CIRCADIAN_EXPRESSION,c2,0.044136259046969245,0.10445621928740959,0.6973831340669153
GO_ORGANIC_ACID_TRANSMEMBRANE_TRANSPORT,c5,0.044136259046969245,0.2951392016654045,0.1503653767389904
EN1_01,c3,0.044136259046969245,0.6009074298343837,0.028383113045318382
PID_HIF2PATHWAY,c2,0.044136259046969245,0.44234512478415744,0.09504020920942911
GO_LYMPHOCYTE_HOMEOSTASIS,c5,0.044136259046969245,0.2455431186758184,0.25987408507956716
AMUNDSON_POOR_SURVIVAL_AFTER_GAMMA_RADIATION_2G,c2,0.044306580192594626,0.037285799159113675,1
GO_REPRODUCTIVE_SYSTEM_DEVELOPMENT,c5,0.04458849463675165,0.12903039927055712,0.573785424529707
GO_REGULATION_OF_CATION_TRANSMEMBRANE_TRANSPORT,c5,0.04458849463675165,0.0701157850062361,0.8294041669163801
XU_GH1_AUTOCRINE_TARGETS_UP,c2,0.04458849463675165,0.08831871881290324,0.726854504161812
GO_REGULATION_OF_CYTOSKELETON_ORGANIZATION,c5,0.04573872991397803,0.1646203366554099,0.3576712785795027
XBP1_01,c3,0.04595370770005309,0.06558684283770569,0.8427071134683741
PID_P53_REGULATION_PATHWAY,c2,0.04595370770005309,0.4841331418328266,0.07210446406845056
GO_PLASMA_MEMBRANE_PROTEIN_COMPLEX,c5,0.04595370770005309,0.07309947786804318,0.8752486961369151
E2F1_Q4,c3,0.04595370770005309,0.06727121252902683,0.8660805691470497
MARTINEZ_RB1_TARGETS_DN,c2,0.0459730593195834,0.12950179440926596,0.5949755275595716
NFMUE1_Q6,c3,0.04600009735813571,0.3043654482184916,0.16998536220880928
BIOCARTA_TGFB_PATHWAY,c2,0.046545386561044046,0.08025729750625042,0.8514288034453541
GAGACTG_MIR452,c3,0.046545386561044046,0.1646203366554099,0.4181398959404716
GGGCATT_MIR365,c3,0.04689353359149376,0.0669381257868549,0.8001046044815932
GO_EPIBOLY,c5,0.0469410291680365,0.028676018023314626,1
AFP1_Q6,c3,0.04742475946093536,0.2342399572545353,0.2167126357725502
E12_Q6,c3,0.04747789185427545,0.021043533360746512,1
ELF1_Q6,c3,0.04747789185427545,0.021043533360746512,1
GO_POSITIVE_REGULATION_OF_PROTEIN_LOCALIZATION_TO_NUCLEUS,c5,0.04747789185427545,0.06597098341442013,0.8507979195221732
BIOCARTA_HCMV_PATHWAY,c2,0.04747789185427545,0.25797979543281724,0.28413401891309054
GO_CELLULAR_RESPONSE_TO_ANTIBIOTIC,c5,0.04747789185427545,0.25797979543281724,0.28413401891309054
GO_WOUND_HEALING,c5,0.04747789185427545,0.1407384770643913,0.5642865077158319
MCBRYAN_PUBERTAL_BREAST_5_6WK_DN,c2,0.04747789185427545,0.4841331418328266,0.06717881407454818
ACATTCC_MIR1_MIR206,c3,0.04757951618676116,0.05384933194133768,0.9254876352129413
MGGAAGTG_GABP_B,c3,0.04757951618676116,0.1407384770643913,0.5646944265881997
CART1_01,c3,0.04757951618676116,0.12903039927055712,0.5628347764691037
MIKKELSEN_MEF_HCP_WITH_H3K27ME3,c2,0.04757951618676116,0.22802397366542745,0.24263111569615792
PUJANA_BRCA1_PCC_NETWORK,c2,0.04757951618676116,0.09914032294663316,0.661599926583003
OSF2_Q6,c3,0.04780508435877624,0.23586656340953083,0.2241364923436223
KMCATNNWGGA_UNKNOWN,c3,0.04816212186596897,0.2060714855249965,0.28769630994225953
NFAT_Q4_01,c3,0.048477110663895956,0.189079087439183,0.35599294540835635
REACTOME_SIGNALLING_TO_ERKS,c2,0.04854592362361542,0.06325485252505213,1
GO_REGENERATION,c5,0.0490809364785802,0.35066146070503135,0.18360214283837842
CEBPGAMMA_Q6,c3,0.04911617199532421,0.6695404196165836,0.02749204166881467
REACTOME_IONOTROPIC_ACTIVITY_OF_KAINATE_RECEPTORS,c2,0.04911617199532421,0.3697061214336271,0.18360214283837842
FRIDMAN_SENESCENCE_DN,c2,0.04911617199532421,0.3697061214336271,0.18360214283837842
GO_TUBE_MORPHOGENESIS,c5,0.049245349631902455,0.0647993837962949,0.9658441150026269
PAX4_02,c3,0.04961642802383006,0.27101493452653025,0.22699983926501016
GO_ANCHORING_JUNCTION,c5,0.049788659474113345,0.06862874494226072,0.8514288034453541
GO_APICAL_PLASMA_MEMBRANE,c5,0.05252701574689483,0.04404876024287666,1
GO_SPINDLE_ASSEMBLY,c5,0.05277679976453901,0.02489416813317174,1
E4F1_Q6,c3,0.05344168834010566,0.04404876024287666,1
GGCAGCT_MIR22,c3,0.05344168834010566,0.729797363749644,0.021827203979420687
REACTOME_SHC_MEDIATED_SIGNALLING,c2,0.05535656893682983,0.0428327118185165,1
STARK_PREFRONTAL_CORTEX_22Q11_DELETION_UP,c2,0.05568504121610565,0.7070231868129475,0.02749204166881467
GO_POSITIVE_REGULATION_OF_CELLULAR_AMIDE_METABOLIC_PROCESS,c5,0.05573584721647529,0.026248302740008587,1
GO_CYTOPLASMIC_SIDE_OF_MEMBRANE,c5,0.05673525065005757,0.015526037166174001,1
GO_MAMMARY_GLAND_DEVELOPMENT,c5,0.0586895073418356,0.03495537295437443,1
REACTOME_NEUROTRANSMITTER_RECEPTOR_BINDING_AND_DOWNSTREAM_TRANSMISSION_IN_THE_POSTSYNAPTIC_CELL,c2,0.0629288040197924,0.7106544594009374,0.03815208220577828
GO_IMMUNE_SYSTEM_DEVELOPMENT,c5,0.06319273714646235,0.5978935684680888,0.033347536380322604
REACTOME_IL_2_SIGNALING,c2,0.06319273714646235,0.03512932261729879,1
GO_REGULATION_OF_SODIUM_ION_TRANSMEMBRANE_TRANSPORTER_ACTIVITY,c5,0.06319273714646235,0.886030046261919,0.0354156244595601
DR4_Q2,c3,0.06469797174357445,0.04007106556825035,1
VERRECCHIA_RESPONSE_TO_TGFB1_C6,c2,0.06620819785757215,1,0.01940339926873455
CHIANG_LIVER_CANCER_SUBCLASS_POLYSOMY7_DN,c2,0.06637788006962188,0.0451062115904885,1
GO_DENDRITE,c5,0.06755606301132139,0.8129626716304127,0.01046719794908517
GO_MYELOID_CELL_HOMEOSTASIS,c5,0.06905283596613626,0.6695404196165836,0.04484066283676822
YY1_01,c3,0.06905283596613626,0.033438750285991435,1
GO_PASSIVE_TRANSMEMBRANE_TRANSPORTER_ACTIVITY,c5,0.07106998733119811,0.6258331166259637,0.04253631797960867
GO_MEMBRANE_ORGANIZATION,c5,0.07222880603647026,0.04994582996160348,1
SA_B_CELL_RECEPTOR_COMPLEXES,c2,0.07222880603647026,0.04994582996160348,1
REACTOME_GRB2_EVENTS_IN_ERBB2_SIGNALING,c2,0.07222880603647026,0.04994582996160348,1
GO_EXTRACELLULAR_GLUTAMATE_GATED_ION_CHANNEL_ACTIVITY,c5,0.07222880603647026,0.7801387907551398,0.04720694719677482
ACEVEDO_METHYLATED_IN_LIVER_CANCER_DN,c2,0.07258109055325106,0.6430989563895253,0.04798228481829286
HADDAD_B_LYMPHOCYTE_PROGENITOR,c2,0.07287337553290077,0.7373550040462802,0.03815208220577828
CONRAD_STEM_CELL,c2,0.07385026648513204,0.04657467598812068,1
GO_RNA_POLYMERASE_II_ACTIVATING_TRANSCRIPTION_FACTOR_BINDING,c5,0.07385026648513204,1,0.005331609346439509
CP2_02,c3,0.07652717286868486,0.018479368275258323,0.8756197125043302
ATACCTC_MIR202,c3,0.07674822289037225,0.6849647432386831,0.040292959977789804
LEE_LIVER_CANCER_MYC_TGFA_UP,c2,0.07808547976113259,0.04167646269665607,1
PURBEY_TARGETS_OF_CTBP1_NOT_SATB1_DN,c2,0.08014876556078376,0.027039881445306977,1
SMAD_Q6,c3,0.08261558514221908,0.8264496058268045,0.02749204166881467
GO_NEGATIVE_REGULATION_OF_DEVELOPMENTAL_PROCESS,c5,0.08459871961467857,0.037784568515892715,1
GO_REGULATION_OF_MICROTUBULE_POLYMERIZATION_OR_DEPOLYMERIZATION,c5,0.09289421029716685,0.04404876024287666,1
GTGGGTGK_UNKNOWN,c3,0.09640973478697601,0.8333783077016182,0.02749204166881467
IWANAGA_E2F1_TARGETS_NOT_INDUCED_BY_SERUM,c2,0.10552808198394922,1,0.02749204166881467
GO_POSITIVE_REGULATION_OF_BLOOD_VESSEL_ENDOTHELIAL_CELL_MIGRATION,c5,0.11544370655440317,1,0.020804174832525116
GO_REGULATION_OF_RNA_SPLICING,c5,0.12527772040445895,0.9884514977195075,0.03485383632870219
GO_EXTRINSIC_COMPONENT_OF_CYTOPLASMIC_SIDE_OF_PLASMA_MEMBRANE,c5,0.1273856990652423,0.04686035267111272,1
GO_NUCLEAR_ENVELOPE,c5,0.1316886401090709,0.04007106556825035,1
KTGGYRSGAA_UNKNOWN,c3,0.17430636266777796,0.9763294025329313,0.033347536380322604
GO_MULTICELLULAR_ORGANISMAL_SIGNALING,c5,0.17734261036995358,1,0.02977593249046818
PID_NFAT_3PATHWAY,c2,0.18657246773498226,1,0.02749204166881467
GAUSSMANN_MLL_AF4_FUSION_TARGETS_E_DN,c2,0.202248987844541,1,0.02749204166881467
BIOCARTA_TEL_PATHWAY,c2,0.2211855643433731,1,0.028383113045318382
GO_RNA_POLYMERASE_II_TRANSCRIPTION_FACTOR_BINDING,c5,0.23643204760740308,1,0.02445743958580272
GO_LIGAND_GATED_CHANNEL_ACTIVITY,c5,0.2583108064057306,1,0.01940339926873455
PILON_KLF1_TARGETS_UP,c2,0.33586696743899125,1,0.01940339926873455
